File Name,Modified Date
Photo on 20-6-15.jpg,2020-06-15 18:23:32
Photo on 20-6-16.jpg,2020-06-16 12:57:53
Photo on 20-6-17.jpg,2020-06-17 13:57:18
Photo on 20-6-18.jpg,2020-06-18 18:53:14
Photo on 20-6-19.jpg,2020-06-19 16:15:24
Photo on 20-6-20.jpg,2020-06-21 01:15:52
Photo on 20-6-21.jpg,2020-06-21 19:32:35
Photo on 20-6-22.jpg,2020-06-22 12:16:54
Photo on 20-6-23.jpg,2020-06-23 13:39:35
Photo on 20-6-24.jpg,2020-06-24 17:15:16
Photo on 20-6-25.jpg,2020-06-25 18:28:01
Photo on 20-6-26.jpg,2020-06-26 14:30:29
Photo on 20-6-27.jpg,2020-06-27 14:11:26
Photo on 20-6-28.jpg,2020-06-28 18:04:06
Photo on 20-6-29.jpg,2020-06-29 18:02:16
Photo on 20-6-30.jpg,2020-06-30 14:32:06
Photo on 20-7-1.jpg,2020-07-01 17:57:47
Photo on 20-7-2.jpg,2020-07-02 17:42:01
Photo on 20-7-3.jpg,2020-07-03 15:16:03
Photo on 20-7-4.jpg,2020-07-04 16:03:18
Photo on 20-7-5.jpg,2020-07-06 00:25:34
Photo on 20-7-6.jpg,2020-07-06 21:13:25
Photo on 20-7-7.jpg,2020-07-07 15:17:12
Photo on 20-7-8.jpg,2020-07-08 17:24:23
Photo on 20-7-9.jpg,2020-07-09 16:12:57
Photo on 20-7-10.jpg,2020-07-10 18:12:45
Photo on 20-7-11.jpg,2020-07-12 01:09:55
Photo on 20-7-12.jpg,2020-07-12 23:50:08
Photo on 20-7-13.jpg,2020-07-13 16:37:06
Photo on 20-7-14.jpg,2020-07-14 17:41:42
Photo on 20-7-15.jpg,2020-07-15 18:14:55
Photo on 20-7-16.jpg,2020-07-16 16:54:11
Photo on 20-7-17.jpg,2020-07-17 16:31:03
Photo on 20-7-18.jpg,2020-07-19 00:50:11
Photo on 20-7-19.jpg,2020-07-20 13:14:05
Photo on 20-7-20.jpg,2020-07-20 23:47:51
Photo on 20-7-21.jpg,2020-07-21 16:58:46
Photo on 20-7-22.jpg,2020-07-22 14:36:44
Photo on 20-8-3.jpg,2020-08-03 15:19:13
Photo on 20-7-27.jpeg,2020-08-03 15:20:15
Photo on 20-7-31.jpeg,2020-08-03 15:20:37
Photo on 20-7-29.jpeg,2020-08-03 15:20:58
Photo on 20-8-4.jpg,2020-08-04 10:35:10
Photo on 20-8-5.jpg,2020-08-05 11:31:59
Photo on 20-8-6.jpg,2020-08-06 10:51:11
Photo on 20-8-7.jpg,2020-08-07 16:45:35
Photo on 20-8-8.jpg,2020-08-08 16:38:44
Photo on 20-8-9.jpg,2020-08-10 01:39:32
Photo on 20-8-12.jpg,2020-08-12 16:53:41
Photo on 20-8-13.jpg,2020-08-13 16:33:42
Photo on 20-8-17.jpg,2020-08-18 00:11:52
Photo on 20-8-19.jpg,2020-08-19 17:32:35
Photo on 20-8-20.jpg,2020-08-20 15:02:30
Photo on 20-8-22.jpg,2020-08-22 16:48:42
Photo on 20-8-24.jpg,2020-08-25 00:34:58
Photo on 20-8-25.jpg,2020-08-25 18:32:11
Photo on 20-8-28.jpg,2020-08-28 20:59:07
Photo on 20-8-29.jpg,2020-08-29 21:53:12
Photo on 20-8-30.jpg,2020-08-30 19:46:56
Photo on 20-8-31.jpg,2020-08-31 17:51:26
Photo on 20-9-1.jpg,2020-09-01 21:31:47
Photo on 20-9-2.jpg,2020-09-02 12:30:21
Photo on 20-9-4.jpg,2020-09-04 11:06:59
Photo on 20-9-5.jpg,2020-09-05 15:27:31
Photo on 20-9-7.jpg,2020-09-07 22:59:33
Photo on 20-9-8.jpg,2020-09-08 19:51:58
Photo on 20-9-9.jpg,2020-09-09 23:33:23
Photo on 20-9-10.jpg,2020-09-10 22:30:00
Photo on 20-9-11.jpg,2020-09-11 10:57:21
Photo on 20-9-12.jpg,2020-09-12 17:10:41
Photo on 20-9-13.jpg,2020-09-13 22:40:17
Photo on 20-9-15.jpg,2020-09-15 22:36:11
Photo on 20-9-16a.jpg,2020-09-16 13:33:54
Photo on 20-9-16b.jpg,2020-09-16 22:44:34
Photo on 20-9-17.jpg,2020-09-17 23:53:26
Photo on 20-9-18.jpg,2020-09-18 11:15:15
Photo on 20-9-19.jpg,2020-09-19 16:36:45
Photo on 20-9-21.jpg,2020-09-21 17:21:01
Photo on 20-9-22.jpg,2020-09-22 15:15:10
Photo on 20-9-24.jpg,2020-09-24 19:24:48
Photo on 20-9-25.jpg,2020-09-25 11:45:27
Photo on 20-9-26.jpg,2020-09-26 19:25:55
Photo on 20-9-27.jpg,2020-09-27 20:18:53
Photo on 20-9-29a.jpg,2020-09-29 08:19:16
Photo on 20-9-29b.jpg,2020-09-29 15:24:59
Photo on 20-9-30.jpg,2020-09-30 23:19:50
Photo on 20-10-1.jpg,2020-10-01 13:23:29
Photo on 20-10-2.jpg,2020-10-02 11:18:48
Photo on 20-10-4.jpg,2020-10-04 16:18:10
Photo on 20-10-5.jpg,2020-10-05 22:23:05
Photo on 20-10-6.jpg,2020-10-06 16:11:37
Photo on 20-10-7.jpg,2020-10-07 21:42:48
Photo on 20-10-8.jpg,2020-10-08 21:30:22
Photo on 20-10-10.jpg,2020-10-10 23:23:52
Photo on 20-10-11.jpg,2020-10-11 20:45:01
Photo on 20-10-12.jpg,2020-10-12 23:19:15
Photo on 20-10-13.jpg,2020-10-13 22:53:51
Photo on 20-10-14.jpg,2020-10-14 13:26:32
Photo on 20-10-15.jpg,2020-10-15 22:28:10
Photo on 20-10-17.jpg,2020-10-17 17:27:41
Photo on 20-10-18.jpg,2020-10-18 22:59:32
Photo on 20-10-19.jpg,2020-10-19 23:36:12
Photo on 20-10-20.jpg,2020-10-20 22:13:07
Photo on 20-10-22.jpg,2020-10-22 23:15:11
Photo on 20-10-23.jpg,2020-10-23 12:19:49
Photo on 20-10-24.jpg,2020-10-24 17:56:45
Photo on 20-10-25.jpg,2020-10-25 19:16:19
Photo on 20-10-26.jpg,2020-10-26 18:24:36
Photo on 20-10-27.jpg,2020-10-27 19:25:48
Photo on 20-10-29.jpg,2020-10-29 20:38:21
Photo on 20-10-30.jpg,2020-10-30 21:48:27
Photo on 20-10-31.jpg,2020-10-31 23:30:39
Photo on 20-11-1.jpg,2020-11-01 18:46:05
Photo on 20-11-2.jpg,2020-11-02 19:22:39
Photo on 20-11-3.jpg,2020-11-03 20:45:55
Photo on 20-11-4.jpg,2020-11-04 22:36:25
Photo on 20-11-5.jpg,2020-11-05 16:28:17
Photo on 20-11-6.jpg,2020-11-06 14:31:35
Photo on 20-11-7.jpg,2020-11-07 15:05:48
Photo on 20-11-8.jpg,2020-11-08 15:51:58
Photo on 20-11-9.jpg,2020-11-09 23:16:31
Photo on 20-11-10.jpg,2020-11-10 20:12:20
Photo on 20-11-11.jpg,2020-11-11 23:45:31
Photo on 20-11-12.jpg,2020-11-12 16:17:50
Photo on 20-11-13.jpg,2020-11-13 17:38:06
Photo on 20-11-14.jpg,2020-11-14 19:26:16
Photo on 20-11-15.jpg,2020-11-15 15:32:54
Photo on 20-11-16.jpg,2020-11-16 22:43:27
Photo on 20-11-17.jpg,2020-11-17 21:11:05
Photo on 20-11-18.jpg,2020-11-18 13:42:50
Photo on 20-11-19.jpg,2020-11-19 18:12:19
Photo on 20-11-20.jpg,2020-11-20 11:03:16
Photo on 20-11-21.jpg,2020-11-21 15:16:11
Photo on 20-11-22.jpg,2020-11-22 14:38:28
Photo on 20-11-23.jpg,2020-11-23 22:10:11
Photo on 20-11-24.jpg,2020-11-24 21:59:40
Photo on 20-11-25.jpg,2020-11-25 22:25:38
Photo on 20-11-27.jpg,2020-11-27 20:47:00
Photo on 20-11-28.jpg,2020-11-28 12:54:41
Photo on 20-11-29.jpg,2020-11-29 14:53:56
Photo on 20-11-30.jpg,2020-11-30 22:24:47
Photo on 20-12-1.jpg,2020-12-01 22:35:17
Photo on 20-12-2.jpg,2020-12-02 22:50:10
Photo on 20-12-4.jpg,2020-12-04 11:06:28
Photo on 20-12-5.jpg,2020-12-06 01:42:22
Photo on 20-12-6.jpg,2020-12-06 15:32:23
Photo on 20-12-8.jpg,2020-12-08 15:08:34
Photo on 20-12-10.jpg,2020-12-10 21:30:13
Photo on 20-12-11.jpg,2020-12-11 20:32:14
Photo on 20-12-12.jpg,2020-12-12 15:45:41
Photo on 20-12-13.jpg,2020-12-13 22:15:25
Photo on 20-12-15.jpg,2020-12-15 14:14:22
Photo on 20-12-16.jpg,2020-12-16 22:31:27
Photo on 20-12-17.jpg,2020-12-17 23:17:22
Photo on 20-12-19.jpg,2020-12-19 23:11:46
Photo on 20-12-20.jpg,2020-12-20 14:08:38
Photo on 20-12-21.jpg,2020-12-22 00:20:55
Photo on 20-12-22.jpg,2020-12-22 23:33:25
Photo on 20-12-23.jpg,2020-12-23 13:24:41
Photo on 20-12-24.jpg,2020-12-25 01:08:26
Photo on 20-12-25.jpg,2020-12-25 15:26:29
Photo on 20-12-26.jpg,2020-12-26 19:03:42
Photo on 20-12-27.jpg,2020-12-27 14:29:44
Photo on 20-12-28.jpg,2020-12-28 21:40:09
Photo on 20-12-29.jpg,2020-12-29 15:41:38
Photo on 20-12-30.jpg,2020-12-30 15:13:38
Photo on 21-1-1.jpg,2021-01-01 11:51:29
Photo on 21-1-3.jpg,2021-01-03 10:27:12
Photo on 21-1-4.jpg,2021-01-04 23:25:10
Photo on 21-1-5.jpg,2021-01-05 13:56:11
Photo on 21-1-6.jpg,2021-01-06 15:08:27
Photo on 21-1-7.jpg,2021-01-07 21:25:54
Photo on 21-1-8.jpg,2021-01-08 14:43:17
Photo on 21-1-10.jpg,2021-01-10 13:42:48
Photo on 21-1-11.jpg,2021-01-11 22:53:26
Photo on 21-1-12.jpg,2021-01-13 00:05:23
Photo on 21-1-13.jpg,2021-01-13 22:31:44
Photo on 21-1-15.jpg,2021-01-15 17:19:17
Photo on 21-1-16.jpg,2021-01-16 15:25:29
Photo on 21-1-17.jpg,2021-01-17 14:54:05
Photo on 21-1-19.jpg,2021-01-19 11:13:46
Photo on 21-1-20.jpg,2021-01-20 08:21:10
Photo on 21-1-21.jpg,2021-01-21 13:49:18
Photo on 21-1-23.jpg,2021-01-23 18:13:28
Photo on 21-1-24.jpg,2021-01-24 16:28:30
Photo on 21-1-26.jpg,2021-01-26 14:40:20
Photo on 21-1-27.jpg,2021-01-27 09:38:28
Photo on 21-1-28.jpg,2021-01-28 22:34:36
Photo on 21-1-29.jpg,2021-01-30 12:12:14
Photo on 21-1-30.jpg,2021-01-30 18:02:44
Photo on 21-1-31.jpg,2021-01-31 16:13:56
Photo on 21-2-1.jpg,2021-02-01 15:47:50
Photo on 21-2-2.jpg,2021-02-03 00:07:53
Photo on 21-2-3.jpg,2021-02-03 22:41:59
Photo on 21-2-4.jpg,2021-02-04 23:28:58
Photo on 21-2-5a.jpg,2021-02-05 08:22:55
Photo on 21-2-5b.jpg,2021-02-05 16:18:07
Photo on 21-2-6.jpg,2021-02-07 01:04:12
Photo on 21-2-7.jpg,2021-02-07 16:30:24
Photo on 21-2-8.jpg,2021-02-08 16:44:50
Photo on 21-2-9.jpg,2021-02-09 09:13:10
Photo on 21-2-10.jpg,2021-02-10 23:16:33
Photo on 21-2-11.jpg,2021-02-11 22:56:14
Photo on 21-2-12.jpg,2021-02-12 11:01:24
Photo on 21-2-13.jpg,2021-02-14 00:09:47
Photo on 21-2-14.jpg,2021-02-15 00:23:28
Photo on 21-2-15.jpg,2021-02-15 13:42:23
Photo on 21-2-16.jpg,2021-02-16 14:10:58
Photo on 21-2-17.jpg,2021-02-17 14:58:08
Photo on 21-2-18.jpg,2021-02-18 15:12:00
Photo on 21-2-20.jpg,2021-02-20 17:12:37
Photo on 21-2-21.jpg,2021-02-21 16:03:31
Photo on 21-2-22.jpg,2021-02-22 21:15:03
Photo on 21-2-23.jpg,2021-02-23 23:36:49
Photo on 21-2-24.jpg,2021-02-24 13:26:06
Photo on 21-2-25.jpg,2021-02-25 23:01:13
Photo on 21-2-27.jpg,2021-02-27 13:48:08
Photo on 21-2-28.jpg,2021-02-28 17:16:07
Photo on 21-3-1.jpg,2021-03-01 17:32:16
Photo on 21-3-2.jpg,2021-03-02 15:35:51
Photo on 21-3-4.jpg,2021-03-04 22:27:18
Photo on 21-3-5.jpg,2021-03-05 21:42:41
Photo on 21-3-6.jpg,2021-03-06 14:17:05
Photo on 21-3-7.jpg,2021-03-07 13:54:42
Photo on 21-3-8.jpg,2021-03-08 18:20:41
Photo on 21-3-9.jpg,2021-03-09 22:52:14
Photo on 21-3-12.jpg,2021-03-12 17:12:38
Photo on 21-3-13.jpg,2021-03-13 16:19:17
Photo on 21-3-14.jpg,2021-03-14 15:26:26
Photo on 21-3-15.jpg,2021-03-15 17:47:31
Photo on 21-3-17.jpg,2021-03-17 19:20:27
Photo on 21-3-18.jpg,2021-03-18 20:34:17
Photo on 21-3-19.jpg,2021-03-19 14:58:46
Photo on 21-3-21.jpg,2021-03-21 15:27:47
Photo on 21-3-22.jpg,2021-03-22 23:19:16
Photo on 21-3-23.jpg,2021-03-23 15:15:24
Photo on 21-3-24.jpg,2021-03-24 18:43:25
Photo on 21-3-26.jpg,2021-03-26 23:18:43
Photo on 21-3-27.jpg,2021-03-27 23:32:46
Photo on 21-3-28.jpg,2021-03-28 17:45:09
Photo on 21-3-29.jpg,2021-03-29 23:45:02
Photo on 21-3-30.jpg,2021-03-30 23:41:26
Photo on 21-3-31.jpg,2021-03-31 19:38:52
Photo on 21-4-1.jpg,2021-04-01 19:26:00
Photo on 21-4-2.jpg,2021-04-02 14:35:28
Photo on 21-4-3.jpg,2021-04-03 16:11:30
Photo on 21-4-4.jpg,2021-04-04 19:17:55
Photo on 21-4-5.jpg,2021-04-05 19:23:13
Photo on 21-4-6.jpg,2021-04-06 14:18:45
Photo on 21-4-7.jpg,2021-04-07 18:44:31
Photo on 21-4-8.jpg,2021-04-08 18:36:15
Photo on 21-4-9.jpg,2021-04-10 00:35:23
Photo on 21-4-10.jpg,2021-04-10 14:42:02
Photo on 21-4-11.jpg,2021-04-11 22:43:32
Photo on 21-4-12.jpg,2021-04-12 18:14:56
Photo on 21-4-13.jpg,2021-04-13 10:55:54
Photo on 21-4-14.jpg,2021-04-14 11:14:51
Photo on 21-4-16.jpg,2021-04-16 18:22:29
Photo on 21-4-17.jpg,2021-04-17 19:01:03
Photo on 21-4-18.jpg,2021-04-18 22:11:44
Photo on 21-4-19.jpg,2021-04-19 18:23:13
Photo on 21-4-20.jpg,2021-04-20 16:08:23
Photo on 21-4-21.jpg,2021-04-21 21:17:03
Photo on 21-4-22.jpg,2021-04-22 22:37:26
Photo on 21-4-23.jpg,2021-04-23 16:19:18
Photo on 21-4-24.jpg,2021-04-24 19:38:21
Photo on 21-4-25.jpg,2021-04-25 18:29:46
Photo on 21-4-26.jpg,2021-04-26 16:45:53
Photo on 21-4-27.jpg,2021-04-27 15:52:21
Photo on 21-4-28.jpg,2021-04-28 11:10:07
Photo on 21-4-29.jpg,2021-04-29 17:58:52
Photo on 21-5-1.jpg,2021-05-01 20:40:51
Photo on 21-5-2.jpg,2021-05-02 14:50:50
Photo on 21-5-3.jpg,2021-05-03 17:41:43
Photo on 21-5-5.jpg,2021-05-05 20:40:03
Photo on 21-5-6.jpg,2021-05-06 22:54:30
Photo on 21-5-8.jpg,2021-05-08 14:50:05
Photo on 21-5-9.jpg,2021-05-09 15:23:56
Photo on 21-5-10.jpg,2021-05-11 00:53:11
Photo on 21-5-13.jpg,2021-05-13 16:56:20
Photo on 21-5-14.jpg,2021-05-15 00:39:43
Photo on 21-5-15.jpg,2021-05-15 17:28:26
Photo on 21-5-16.jpg,2021-05-16 12:23:55
Photo on 21-5-17.jpg,2021-05-17 17:30:45
Photo on 21-5-19.jpg,2021-05-19 19:00:50
Photo on 21-5-20.jpg,2021-05-20 18:11:05
Photo on 21-5-21.jpg,2021-05-21 21:49:19
Photo on 21-5-22.jpg,2021-05-22 21:20:03
Photo on 21-5-23.jpg,2021-05-23 20:05:44
Photo on 21-5-24.jpg,2021-05-24 15:47:07
Photo on 21-5-25.jpg,2021-05-25 11:06:36
Photo on 21-5-26.jpg,2021-05-26 19:47:59
Photo on 21-5-27.jpg,2021-05-27 16:10:07
Photo on 21-5-28.jpg,2021-05-28 13:54:49
Photo on 21-5-29.jpg,2021-05-29 16:28:31
Photo on 21-5-30.jpg,2021-05-30 16:40:44
Photo on 21-5-31.jpg,2021-05-31 15:55:36
Photo on 21-6-1.jpg,2021-06-01 11:22:05
Photo on 21-6-2.jpg,2021-06-02 17:47:33
Photo on 21-6-3.jpg,2021-06-03 14:41:05
Photo on 21-6-4.jpg,2021-06-04 18:04:09
Photo on 21-6-5.jpg,2021-06-05 23:00:45
Photo on 21-6-6.jpg,2021-06-06 14:19:51
Photo on 21-6-7.jpg,2021-06-07 21:09:38
Photo on 21-6-8.jpg,2021-06-08 11:21:49
Photo on 21-6-9.jpg,2021-06-09 18:07:51
Photo on 21-6-10.jpg,2021-06-10 15:22:37
Photo on 21-6-11.jpg,2021-06-11 14:37:43
Photo on 21-6-12.jpg,2021-06-12 16:09:14
Photo on 21-6-14.jpg,2021-06-14 15:13:00
Photo on 21-6-16.jpg,2021-06-16 16:01:08
Photo on 21-6-17.jpg,2021-06-17 17:00:41
Photo on 21-6-18.jpg,2021-06-18 15:41:33
Photo on 21-6-19.jpg,2021-06-19 19:41:47
Photo on 21-6-20.jpg,2021-06-20 18:56:46
Photo on 21-6-21.jpg,2021-06-21 17:22:55
Photo on 21-6-22.jpg,2021-06-22 17:22:34
Photo on 21-6-23.jpg,2021-06-23 18:32:55
Photo on 21-6-24.jpg,2021-06-24 17:37:31
Photo on 21-6-26.jpg,2021-06-26 15:01:12
Photo on 21-6-27.jpg,2021-06-27 18:28:27
Photo on 21-6-28.jpg,2021-06-28 15:51:52
Photo on 21-6-30.jpg,2021-06-30 12:24:26
Photo on 21-7-1.jpg,2021-07-01 17:10:16
Photo on 21-7-2.jpg,2021-07-02 17:43:41
Photo on 21-7-3.jpg,2021-07-03 21:12:04
Photo on 21-7-4.jpg,2021-07-04 18:56:08
Photo on 21-7-5.jpg,2021-07-05 13:58:51
Photo on 21-7-6.jpg,2021-07-06 14:43:43
Photo on 21-7-7.jpg,2021-07-07 16:07:55
Photo on 21-7-9.jpg,2021-07-09 15:20:07
Photo on 21-7-11.jpg,2021-07-11 18:31:13
Photo on 21-7-12.jpg,2021-07-12 23:18:03
Photo on 21-7-13.jpg,2021-07-13 16:29:50
Photo on 21-7-14.jpg,2021-07-14 18:21:36
Photo on 21-7-15.jpg,2021-07-15 23:07:24
Photo on 21-7-16.jpg,2021-07-16 23:49:09
Photo on 21-7-17.jpg,2021-07-17 17:55:24
Photo on 21-7-18.jpg,2021-07-18 17:48:01
Photo on 21-7-19.jpg,2021-07-19 17:16:36
Photo on 21-7-20.jpg,2021-07-20 17:18:59
Photo on 21-7-22.jpg,2021-07-22 15:42:11
Photo on 21-7-25.jpg,2021-07-25 18:15:12
Photo on 21-7-26.jpg,2021-07-26 17:18:29
Photo on 21-7-27.jpg,2021-07-27 23:47:11
Photo on 21-7-30.jpg,2021-07-30 23:44:41
Photo on 21-8-2.jpg,2021-08-02 21:53:45
Photo on 21-8-3.jpg,2021-08-03 16:23:46
Photo on 21-8-4.jpg,2021-08-05 00:24:02
Photo on 21-8-5.jpg,2021-08-05 23:05:09
Photo on 21-8-7.jpg,2021-08-07 16:04:17
Photo on 21-8-10.jpg,2021-08-10 15:10:47
Photo on 21-8-11.jpg,2021-08-11 17:27:42
Photo on 21-8-13.jpg,2021-08-13 17:44:21
Photo on 21-8-14.jpg,2021-08-14 17:27:03
Photo on 21-8-17.jpg,2021-08-17 23:01:31
Photo on 21-8-19.jpg,2021-08-19 17:28:31
Photo on 21-8-20.jpg,2021-08-20 17:14:21
Photo on 21-8-23.jpg,2021-08-23 22:27:28
Photo on 21-8-25.jpg,2021-08-25 00:58:47
Photo on 21-8-31.jpg,2021-08-31 21:15:15
Photo on 21-9-2.jpg,2021-09-02 16:55:03
Photo on 21-9-7.jpg,2021-09-07 18:00:52
Photo on 21-9-12.jpg,2021-09-12 16:18:22
Photo on 21-9-14.jpg,2021-09-14 21:50:28
Photo on 21-9-15.jpg,2021-09-15 23:58:15
Photo on 21-9-19.jpg,2021-09-19 17:40:38
Photo on 21-9-22.jpg,2021-09-22 16:49:11
Photo on 21-9-28.jpg,2021-09-28 21:22:06
Photo on 21-9-29.jpg,2021-09-29 22:32:09
Photo on 21-10-3.jpg,2021-10-03 23:49:52
Photo on 21-10-5.jpg,2021-10-05 16:33:59
Photo on 21-10-6a.jpg,2021-10-06 13:06:44
Photo on 21-10-6b.jpg,2021-10-06 18:41:52
Photo on 21-10-7a.jpg,2021-10-07 15:08:44
Photo on 21-10-7b.jpg,2021-10-07 19:21:21
Photo on 21-10-8.jpg,2021-10-08 16:24:31
Photo on 21-10-10.jpg,2021-10-10 21:53:34
Photo on 21-10-11a.jpg,2021-10-11 14:25:14
Photo on 21-10-11b.jpg,2021-10-11 16:57:45
Photo on 21-10-12.jpg,2021-10-12 18:03:41
Photo on 21-10-14.jpg,2021-10-14 22:34:02
Photo on 21-10-16.jpg,2021-10-16 18:04:41
Photo on 21-10-17.jpg,2021-10-17 23:42:32
Photo on 21-10-18.jpg,2021-10-18 22:05:32
Photo on 21-10-19.jpg,2021-10-19 19:21:17
Photo on 21-10-21.jpg,2021-10-21 21:34:30
Photo on 21-10-22.jpg,2021-10-22 16:13:01
Photo on 21-10-27.jpg,2021-10-27 15:24:47
Photo on 21-10-28a.jpg,2021-10-28 09:44:36
Photo on 21-10-29a.jpg,2021-10-29 17:19:45
Photo on 21-10-29b.jpg,2021-10-30 02:09:56
Photo on 21-10-28b.jpeg,2021-10-31 17:17:49
Photo on 21-10-31.jpg,2021-10-31 17:19:25
Photo on 21-11-1.jpg,2021-11-01 12:13:06
Photo on 21-11-3.jpg,2021-11-03 18:02:17
Photo on 21-11-4.jpg,2021-11-04 18:08:41
Photo on 21-11-7.jpg,2021-11-08 01:58:41
Photo on 21-11-8.jpg,2021-11-08 23:18:27
Photo on 21-11-10.jpg,2021-11-10 18:58:45
Photo on 21-11-11.jpg,2021-11-11 19:37:14
Photo on 21-11-15.jpg,2021-11-15 18:12:56
Photo on 21-11-17.jpg,2021-11-17 20:45:00
Photo on 21-11-18.jpg,2021-11-18 16:41:57
Photo on 21-11-19.jpg,2021-11-19 17:24:25
Photo on 21-11-20.jpg,2021-11-20 14:54:17
Photo on 21-11-22.jpg,2021-11-23 01:42:05
Photo on 21-11-26.jpg,2021-11-26 23:42:59
Photo on 21-11-27.jpg,2021-11-27 19:41:20
Photo on 21-11-29.jpg,2021-11-29 22:17:37
Photo on 21-12-2.jpg,2021-12-02 19:07:30
Photo on 21-12-3.jpg,2021-12-03 23:13:31
Photo on 21-12-6.jpg,2021-12-06 21:22:10
Photo on 21-12-8.jpg,2021-12-08 19:52:45
Photo on 21-12-10.jpg,2021-12-10 19:29:46
Photo on 21-12-12.jpg,2021-12-12 00:56:33
Photo on 21-12-14.jpg,2021-12-14 18:08:27
Photo on 21-12-15.jpg,2021-12-15 13:29:21
Photo on 21-12-19a.jpg,2021-12-19 00:49:52
Photo on 21-12-19b.jpg,2021-12-19 16:03:53
Photo on 21-12-20.jpg,2021-12-20 16:21:03
Photo on 21-12-22.jpg,2021-12-22 22:28:47
Photo on 21-12-23.jpg,2021-12-23 21:18:22
Photo on 21-12-24.jpg,2021-12-24 11:15:12
Photo on 21-12-25.jpg,2021-12-25 17:50:02
Photo on 21-12-26.jpg,2021-12-26 18:08:29
Photo on 21-12-28.jpg,2021-12-28 18:24:06
Photo on 21-12-29.jpg,2021-12-29 23:08:39
Photo on 21-12-30.jpg,2021-12-30 17:27:36
Photo on 22-1-1.jpg,2022-01-01 17:15:04
Photo on 22-1-2a.jpg,2022-01-02 18:02:39
Photo on 22-1-2b.jpg,2022-01-02 23:38:25
Photo on 22-1-3.jpg,2022-01-03 16:10:34
Photo on 22-1-4.jpg,2022-01-04 14:48:55
Photo on 22-1-5.jpg,2022-01-05 18:01:58
Photo on 22-1-7.jpg,2022-01-07 21:52:31
Photo on 22-1-9.jpg,2022-01-09 14:27:22
Photo on 22-1-11.jpg,2022-01-11 14:21:11
Photo on 22-1-13.jpg,2022-01-13 14:28:21
Photo on 22-1-17.jpg,2022-01-17 13:29:36
Photo on 22-1-18.jpg,2022-01-18 16:57:24
Photo on 22-1-19.jpg,2022-01-19 22:25:07
Photo on 22-1-20.jpg,2022-01-20 18:00:24
Photo on 22-1-21.jpg,2022-01-20 22:43:25
Photo on 22-1-23.jpeg,2022-01-23 21:47:00
Photo on 22-1-24.jpg,2022-01-24 13:08:16
Photo on 22-1-25.jpg,2022-01-24 20:31:58
Photo on 22-1-28.jpg,2022-01-28 18:19:00
Photo on 22-1-29.jpg,2022-01-29 18:45:25
Photo on 22-1-30.jpg,2022-01-30 18:00:27
Photo on 22-1-31.jpg,2022-01-31 23:57:02
Photo on 22-2-3.jpg,2022-02-03 02:54:37
Photo on 22-2-5.jpeg,2022-02-05 20:20:00
Photo on 22-2-6.jpg,2022-02-06 18:01:49
Photo on 22-2-7.jpg,2022-02-07 23:39:50
Photo on 22-2-9.jpg,2022-02-09 20:51:01
Photo on 22-2-12.jpg,2022-02-12 00:09:42
Photo on 22-2-13.jpg,2022-02-13 20:44:34
Photo on 22-2-14.jpg,2022-02-14 15:22:23
Photo on 22-2-15.jpg,2022-02-15 19:00:34
Photo on 22-2-18.jpg,2022-02-18 16:55:18
Photo on 22-2-19.jpg,2022-02-19 18:48:54
Photo on 22-2-20.jpg,2022-02-20 18:22:43
Photo on 22-2-21.jpg,2022-02-21 20:35:24
Photo on 22-2-22.jpg,2022-02-22 20:35:06
Photo on 22-2-25.jpg,2022-02-25 20:21:57
Photo on 22-2-26.jpg,2022-02-26 21:05:21
Photo on 22-2-27a.jpg,2022-02-27 08:08:50
Photo on 22-2-27b.jpg,2022-02-27 16:09:01
Photo on 22-2-28.jpg,2022-02-28 12:33:18
Photo on 22-3-1.jpg,2022-03-01 16:50:28
Photo on 22-3-2.jpg,2022-03-02 08:21:04
Photo on 22-3-3.jpg,2022-03-03 12:28:26
Photo on 22-3-4.jpg,2022-03-04 15:33:51
Photo on 22-3-5.jpg,2022-03-05 09:23:37
Photo on 22-3-8.jpg,2022-03-08 22:20:16
Photo on 22-3-9.jpg,2022-03-09 21:55:51
Photo on 22-3-11.jpg,2022-03-11 16:02:26
Photo on 22-3-12.jpg,2022-03-12 23:33:23
Photo on 22-3-13.jpg,2022-03-13 08:16:10
Photo on 22-3-14.jpg,2022-03-14 19:45:37
Photo on 22-3-15.jpg,2022-03-15 21:53:54
Photo on 22-3-16.jpg,2022-03-16 11:19:06
Photo on 22-3-17.jpg,2022-03-17 11:17:17
Photo on 22-3-18.jpg,2022-03-18 10:45:49
Photo on 22-3-19.jpg,2022-03-19 12:39:04
Photo on 22-3-20.jpg,2022-03-20 13:12:24
Photo on 22-3-21.jpg,2022-03-21 12:54:39
Photo on 22-3-22.jpg,2022-03-22 12:58:38
Photo on 22-3-23.jpg,2022-03-23 12:48:15
Photo on 22-3-24.jpg,2022-03-24 13:19:01
Photo on 22-3-25.jpg,2022-03-25 18:00:29
Photo on 22-3-26a.jpg,2022-03-26 12:26:56
Photo on 22-3-26b.jpeg,2022-03-26 18:27:00
Photo on 22-3-27.jpg,2022-03-27 14:54:06
Photo on 22-3-28.jpeg,2022-03-28 14:55:00
Photo on 22-3-29.jpg,2022-03-29 22:03:17
Photo on 22-3-30.jpg,2022-03-30 13:03:54
Photo on 22-3-31.jpg,2022-03-31 17:54:02
Photo on 22-4-1a.jpeg,2022-04-01 12:28:00
Photo on 22-4-1b.jpg,2022-04-01 12:29:33
Photo on 22-4-2.jpeg,2022-04-01 20:20:00
Photo on 22-4-3.jpg,2022-04-02 20:26:09
Photo on 22-4-4.jpg,2022-04-04 01:39:37
Photo on 22-4-5.jpg,2022-04-05 00:20:52
Photo on 22-4-6.jpg,2022-04-05 22:32:29
Photo on 22-4-7.jpg,2022-04-07 15:17:54
Photo on 22-4-8.jpg,2022-04-07 19:03:48
Photo on 22-4-9.jpg,2022-04-09 16:51:16
Photo on 22-4-10.jpg,2022-04-10 22:22:18
Photo on 22-4-11.jpg,2022-04-11 17:34:00
Photo on 22-4-12.jpg,2022-04-12 23:31:05
Photo on 22-4-14.jpg,2022-04-14 15:13:11
Photo on 22-4-15.jpg,2022-04-15 21:48:09
Photo on 22-4-16.jpg,2022-04-16 15:56:02
Photo on 22-4-17.jpg,2022-04-17 21:51:01
Photo on 22-4-18.jpg,2022-04-18 22:02:48
Photo on 22-4-19.jpg,2022-04-19 18:01:10
Photo on 22-4-20.jpg,2022-04-20 21:12:58
Photo on 22-4-21.jpg,2022-04-21 22:28:42
Photo on 22-4-22.jpg,2022-04-22 14:24:39
Photo on 22-4-24.jpg,2022-04-24 16:51:43
Photo on 22-4-25.jpg,2022-04-26 00:36:51
Photo on 22-4-26.jpg,2022-04-26 17:45:23
Photo on 22-4-27.jpg,2022-04-27 16:53:05
Photo on 22-4-28.jpg,2022-04-28 20:39:29
Photo on 22-5-1.jpg,2022-05-01 02:39:15
Photo on 22-5-2.jpg,2022-05-01 17:10:37
Photo on 22-5-3.jpg,2022-05-03 15:56:30
Photo on 22-5-4.jpg,2022-05-04 13:57:06
Photo on 22-5-6.jpg,2022-05-06 17:18:46
Photo on 22-5-7.jpg,2022-05-07 16:50:28
Photo on 22-5-9.jpeg,2022-05-09 19:18:00
Photo on 22-5-10.jpeg,2022-05-10 17:17:00
Photo on 22-5-11.jpg,2022-05-11 19:22:03
Photo on 22-5-12.jpg,2022-05-12 13:14:31
Photo on 22-5-13.jpg,2022-05-13 17:15:16
Photo on 22-5-15.jpg,2022-05-15 18:16:01
Photo on 22-5-16.jpg,2022-05-16 18:24:11
Photo on 22-5-17.jpg,2022-05-17 19:08:12
Photo on 22-5-18.jpg,2022-05-18 22:04:10
Photo on 22-5-19.jpg,2022-05-19 13:54:53
Photo on 22-5-20.jpg,2022-05-20 15:54:35
Photo on 22-5-21.jpg,2022-05-21 18:00:50
Photo on 22-5-22.jpg,2022-05-22 16:44:22
Photo on 22-5-23.jpg,2022-05-23 16:37:54
Photo on 22-5-24.jpg,2022-05-24 18:03:06
Photo on 22-5-25.jpg,2022-05-25 15:42:31
Photo on 22-5-26.jpg,2022-05-26 16:34:11
Photo on 22-5-27.jpg,2022-05-27 16:47:13
Photo on 22-5-30.jpg,2022-05-30 18:00:35
Photo on 22-5-31.jpg,2022-05-31 19:21:34
Photo on 22-6-1.jpg,2022-06-01 17:27:54
Photo on 22-6-3.jpg,2022-06-03 17:39:28
Photo on 22-6-5.jpg,2022-06-05 18:03:06
Photo on 22-6-6.jpg,2022-06-06 12:38:17
Photo on 22-6-7.jpg,2022-06-07 18:25:19
Photo on 22-6-8.jpg,2022-06-08 16:35:45
Photo on 22-6-9.jpg,2022-06-09 15:08:48
Photo on 22-6-12.jpg,2022-06-13 01:12:42
Photo on 22-6-13.jpg,2022-06-13 21:10:37
Photo on 22-6-14.jpg,2022-06-14 18:09:42
Photo on 22-6-15.jpg,2022-06-15 16:12:40
Photo on 22-6-16.jpg,2022-06-16 22:05:03
Photo on 22-6-21.jpg,2022-06-21 19:48:38
Photo on 22-6-22.jpg,2022-06-23 00:30:50
Photo on 22-6-23.jpg,2022-06-23 15:33:01
Photo on 22-6-26.jpg,2022-06-26 01:36:30
Photo on 22-6-27.jpg,2022-06-27 14:43:32
Photo on 22-6-29.jpg,2022-06-29 19:21:12
Photo on 22-6-30.jpg,2022-06-30 20:29:23
Photo on 22-7-2.jpg,2022-07-02 15:15:04
Photo on 22-7-3.jpg,2022-07-03 12:59:19
Photo on 22-7-4.jpg,2022-07-03 22:15:19
Photo on 22-7-5.jpeg,2022-07-05 09:09:00
Photo on 22-7-6.jpeg,2022-07-06 15:36:00
Photo on 22-7-7.jpeg,2022-07-07 09:56:00
Photo on 22-7-8.jpg,2022-07-08 09:30:15
Photo on 22-7-9.jpg,2022-07-09 17:33:35
Photo on 22-7-10.JPG,2022-07-10 12:59:00
Photo on 22-7-11.jpg,2022-07-11 15:31:59
Photo on 22-7-12.jpg,2022-07-12 15:26:08
Photo on 22-7-13.jpg,2022-07-13 12:32:08
Photo on 22-7-14troll.jpg,2022-07-14 18:57:01
Photo on 22-7-14.jpg,2022-07-14 19:01:32
Photo on 22-7-15.jpg,2022-07-15 12:19:24
Photo on 22-7-16.jpg,2022-07-16 17:12:09
Photo on 22-7-18.jpg,2022-07-18 15:27:47
Photo on 22-7-19.jpg,2022-07-19 16:49:10
Photo on 22-7-20.jpg,2022-07-20 21:15:41
Photo on 22-7-22.jpg,2022-07-22 20:53:19
Photo on 22-7-25.jpg,2022-07-25 13:57:27
Photo on 22-7-27.jpg,2022-07-27 21:10:50
Photo on 22-7-28.jpg,2022-07-28 15:21:31
Photo on 22-7-29.jpg,2022-07-29 17:57:54
Photo on 22-7-30.jpg,2022-07-30 15:24:38
Photo on 22-7-31.jpg,2022-07-31 17:26:55
Photo on 22-8-3.jpg,2022-08-03 15:06:11
Photo on 22-8-4.jpg,2022-08-04 18:02:11
Photo on 22-8-5.jpg,2022-08-05 12:00:03
Photo on 22-8-8.jpg,2022-08-08 17:11:46
Photo on 22-8-9.jpg,2022-08-10 01:29:34
Photo on 22-8-10.jpg,2022-08-10 19:20:56
Photo on 22-8-11.jpg,2022-08-11 19:15:26
Photo on 22-8-12.jpg,2022-08-12 17:41:00
Photo on 22-8-15.jpg,2022-08-15 16:43:25
Photo on 22-8-17.jpg,2022-08-17 15:14:10
Photo on 22-8-18.jpg,2022-08-18 15:34:09
Photo on 22-8-19.jpg,2022-08-19 16:34:53
Photo on 22-8-22.jpg,2022-08-22 17:46:41
Photo on 22-8-23.jpg,2022-08-24 00:28:09
Photo on 22-8-24.jpg,2022-08-24 19:28:52
Photo on 22-8-26.jpg,2022-08-26 14:19:01
Photo on 22-8-27.jpg,2022-08-27 17:36:14
Photo on 22-8-28.jpg,2022-08-28 12:57:21
Photo on 22-8-30.jpg,2022-08-30 16:44:43
Photo on 22-8-31.jpg,2022-08-31 17:59:54
Photo on 22-9-1.jpg,2022-09-01 12:57:30
Photo on 22-9-2.jpg,2022-09-02 22:09:53
Photo on 22-9-3.jpg,2022-09-04 12:36:25
Photo on 22-9-4.jpg,2022-09-04 20:26:36
Photo on 22-9-6.jpg,2022-09-06 12:38:26
Photo on 22-9-7.jpg,2022-09-07 21:51:18
Photo on 22-9-9.jpg,2022-09-09 18:16:42
Photo on 22-9-11.jpg,2022-09-11 23:02:44
Photo on 22-9-13.jpg,2022-09-13 17:10:28
Photo on 22-9-16.jpg,2022-09-16 09:57:15
Photo on 22-9-17a.jpg,2022-09-17 13:54:24
Photo on 22-9-17b.jpg,2022-09-17 21:25:33
Photo on 22-9-18a.jpg,2022-09-18 11:37:03
Photo on 22-9-18b.jpg,2022-09-18 18:05:17
Photo on 22-9-19.jpg,2022-09-19 21:22:37
Photo on 22-9-20.jpg,2022-09-20 11:48:57
Photo on 22-9-21.jpg,2022-09-21 17:18:36
Photo on 22-9-23.jpg,2022-09-23 21:39:10
Photo on 22-9-25.jpg,2022-09-25 16:33:38
Photo on 22-9-26.jpg,2022-09-26 22:08:08
Photo on 22-9-27.jpg,2022-09-27 18:12:04
Photo on 22-9-28.jpg,2022-09-28 23:15:28
Photo on 22-9-29.jpg,2022-09-29 18:17:17
Photo on 22-10-3.jpg,2022-10-03 15:50:36
Photo on 22-10-4.jpg,2022-10-04 21:22:51
Photo on 22-10-5.jpg,2022-10-05 23:13:04
Photo on 22-10-7.jpg,2022-10-07 18:02:26
Photo on 22-10-9.jpg,2022-10-09 17:33:01
Photo on 22-10-10.jpg,2022-10-10 14:11:41
Photo on 22-10-11.jpg,2022-10-11 23:44:49
Photo on 22-10-12.jpg,2022-10-12 18:40:00
Photo on 22-10-13.jpg,2022-10-13 22:38:49
Photo on 22-10-14.jpg,2022-10-14 18:14:46
Photo on 22-10-16.jpg,2022-10-16 10:50:35
Photo on 22-10-17.jpg,2022-10-17 14:16:28
Photo on 22-10-18.jpg,2022-10-18 11:25:47
Photo on 22-10-21.jpg,2022-10-21 11:20:45
Photo on 22-10-22.jpg,2022-10-22 19:53:54
Photo on 22-10-23.jpg,2022-10-23 15:01:29
Photo on 22-10-24.jpg,2022-10-24 23:17:23
Photo on 22-10-25.jpg,2022-10-25 13:07:21
Photo on 22-10-26.JPG,2022-10-26 15:16:00
Photo on 22-10-27.jpg,2022-10-27 22:59:36
Photo on 22-10-31.jpg,2022-10-31 22:07:54
Photo on 22-11-1.JPG,2022-11-01 20:49:00
Photo on 22-11-2.jpg,2022-11-02 11:24:09
Photo on 22-11-4.jpg,2022-11-04 21:19:36
Photo on 22-11-5.jpg,2022-11-06 13:41:55
Photo on 22-11-6.jpg,2022-11-06 19:01:51
Photo on 22-11-7.jpg,2022-11-07 19:39:15
Photo on 22-11-8a.jpg,2022-11-08 10:21:06
Photo on 22-11-8b.JPG,2022-11-08 23:58:00
Photo on 22-11-9.jpg,2022-11-09 11:42:52
Photo on 22-11-10a.jpg,2022-11-10 14:37:18
Photo on 22-11-10b.jpg,2022-11-10 19:49:45
Photo on 22-11-11.jpg,2022-11-11 13:07:07
Photo on 22-11-12.jpg,2022-11-12 20:58:09
Photo on 22-11-13.jpg,2022-11-13 14:05:57
Photo on 22-11-14.jpg,2022-11-14 13:31:26
Photo on 22-11-15.jpg,2022-11-15 11:15:44
Photo on 22-11-16.jpg,2022-11-16 18:47:50
Photo on 22-11-18.jpg,2022-11-18 22:04:56
Photo on 22-11-21.jpg,2022-11-21 14:18:11
Photo on 22-11-22.jpg,2022-11-22 18:00:36
Photo on 22-11-23.jpg,2022-11-23 16:10:14
Photo on 22-11-24.jpg,2022-11-24 13:51:51
Photo on 22-11-25.jpg,2022-11-25 15:59:43
Photo on 22-11-26.jpg,2022-11-26 18:00:18
Photo on 22-11-29.jpg,2022-11-29 00:21:33
Photo on 22-11-30.jpg,2022-11-30 15:57:33
Photo on 22-12-3.jpg,2022-12-03 18:06:50
Photo on 22-12-5.jpg,2022-12-05 18:13:10
Photo on 22-12-6a.jpg,2022-12-06 16:09:40
Photo on 22-12-6b.jpg,2022-12-06 18:00:30
Photo on 22-12-7.jpg,2022-12-07 19:20:33
Photo on 22-12-11.jpg,2022-12-11 21:28:51
Photo on 22-12-12.jpg,2022-12-12 14:49:47
Photo on 22-12-14.jpg,2022-12-14 15:59:22
Photo on 22-12-16.jpg,2022-12-16 12:58:37
Photo on 22-12-18.jpg,2022-12-18 12:18:27
Photo on 22-12-20.jpg,2022-12-20 11:46:56
Photo on 22-12-23.jpg,2022-12-23 17:08:28
Photo on 22-12-24.jpg,2022-12-24 18:52:54
Photo on 22-12-25.jpg,2022-12-25 14:35:15
Photo on 22-12-26.jpg,2022-12-26 16:53:00
Photo on 22-12-29.jpg,2022-12-29 21:02:14
Photo on 22-12-30.jpg,2022-12-30 20:15:57
Photo on 22-12-31.jpg,2022-12-31 18:00:34
Photo on 23-1-2.jpg,2023-01-02 15:30:12
Photo on 23-1-5.jpg,2023-01-05 16:17:46
Photo on 23-1-7.jpg,2023-01-07 15:20:17
Photo on 23-1-8.jpg,2023-01-08 18:00:24
Photo on 23-1-9.jpg,2023-01-09 17:18:01
Photo on 23-1-10.jpg,2023-01-10 19:13:15
Photo on 23-1-11.jpg,2023-01-11 23:26:15
Photo on 23-1-13.jpg,2023-01-13 13:08:40
Photo on 23-1-14.jpg,2023-01-14 20:14:54
Photo on 23-1-15.jpg,2023-01-15 13:41:56
Photo on 23-1-16.jpg,2023-01-16 13:00:17
Photo on 23-1-17.jpg,2023-01-17 14:18:43
Photo on 23-1-20.jpg,2023-01-20 23:47:06
Photo on 23-1-21.jpg,2023-01-21 17:02:08
Photo on 23-1-23.jpg,2023-01-23 15:39:42
Photo on 23-1-24.jpg,2023-01-24 18:00:33
Photo on 23-1-25.jpg,2023-01-25 16:28:56
Photo on 23-1-26.jpg,2023-01-26 18:37:06
Photo on 23-1-28.jpg,2023-01-28 20:42:05
Photo on 23-1-29a.jpg,2023-01-29 13:17:53
Photo on 23-1-29b.jpg,2023-01-29 21:18:38
Photo on 23-1-30.jpg,2023-01-30 17:30:53
Photo on 23-2-1.jpg,2023-02-01 10:54:10
Photo on 23-2-2.jpg,2023-02-02 19:46:51
Photo on 23-2-4.jpg,2023-02-04 18:12:23
Photo on 23-2-5.jpg,2023-02-05 18:01:07
Photo on 23-2-6.jpg,2023-02-06 12:43:04
Photo on 23-2-7.jpg,2023-02-07 15:15:41
Photo on 23-2-8.jpg,2023-02-08 16:19:12
Photo on 23-2-9.jpg,2023-02-09 18:03:50
Photo on 23-2-10.jpg,2023-02-10 17:00:47
Photo on 23-2-11.jpg,2023-02-11 14:57:40
Photo on 23-2-12.jpg,2023-02-12 13:57:58
Photo on 23-2-13.jpg,2023-02-13 11:18:28
Photo on 23-2-14.jpg,2023-02-14 11:12:19
Photo on 23-2-15.jpg,2023-02-15 19:40:49
Photo on 23-2-16.jpg,2023-02-16 10:54:08
Photo on 23-2-19.jpg,2023-02-19 16:21:49
Photo on 23-2-20.jpg,2023-02-20 20:49:43
Photo on 23-2-21.jpg,2023-02-21 20:44:23
Photo on 23-2-22.jpg,2023-02-22 21:28:25
Photo on 23-2-23.jpg,2023-02-23 19:08:16
Photo on 23-2-24a.jpg,2023-02-24 12:48:24
Photo on 23-2-24b.jpg,2023-02-24 14:09:35
Photo on 23-2-25.jpg,2023-02-26 16:51:01
Photo on 23-2-27.jpg,2023-02-27 11:03:57
Photo on 23-2-28.jpg,2023-02-28 14:44:22
Photo on 23-3-1.jpg,2023-03-01 13:36:01
Photo on 23-3-3.jpg,2023-03-03 21:49:27
Photo on 23-3-6.jpg,2023-03-06 15:01:28
Photo on 23-3-8.jpg,2023-03-08 13:47:13
Photo on 23-3-9.jpg,2023-03-09 22:33:45
Photo on 23-3-11.jpg,2023-03-11 12:22:20
Photo on 23-3-12.jpg,2023-03-12 23:03:43
Photo on 23-3-13.jpg,2023-03-13 18:29:45
Photo on 23-3-14.jpg,2023-03-14 15:00:52
Photo on 23-3-15.jpg,2023-03-15 19:49:52
Photo on 23-3-16.jpg,2023-03-16 13:22:23
Photo on 23-3-17.jpg,2023-03-17 12:40:55
Photo on 23-3-19.jpg,2023-03-19 18:00:52
Photo on 23-3-20.jpg,2023-03-20 13:09:09
Photo on 23-3-22.jpg,2023-03-22 15:13:31
Photo on 23-3-24.jpg,2023-03-24 13:54:14
Photo on 23-3-25.jpg,2023-03-25 14:15:16
Photo on 23-3-27.jpg,2023-03-27 09:50:27
Photo on 23-3-28.jpg,2023-03-28 12:39:28
Photo on 23-3-29.jpg,2023-03-29 19:09:59
Photo on 23-3-30.jpg,2023-03-30 15:33:34
Photo on 23-3-31.jpg,2023-03-31 19:32:11
Photo on 23-4-1.jpg,2023-04-01 15:22:44
Photo on 23-4-2.jpg,2023-04-02 23:41:31
Photo on 23-4-3.jpg,2023-04-03 15:05:34
Photo on 23-4-4.jpg,2023-04-04 11:51:45
Photo on 23-4-6.jpg,2023-04-06 20:54:00
Photo on 23-4-8.jpg,2023-04-08 14:14:11
Photo on 23-4-10.jpg,2023-04-10 15:03:23
Photo on 23-4-11.jpg,2023-04-11 16:30:12
Photo on 23-4-12.jpg,2023-04-12 17:54:19
Photo on 23-4-13.jpg,2023-04-13 13:47:36
Photo on 23-4-14.jpg,2023-04-14 13:22:32
Photo on 23-4-15a.jpg,2023-04-15 07:32:01
Photo on 23-4-15b.jpg,2023-04-15 14:28:00
Photo on 23-4-16.jpg,2023-04-16 14:46:02
Photo on 23-4-17.jpg,2023-04-17 09:56:59
Photo on 23-4-18.jpg,2023-04-18 13:02:47
Photo on 23-4-19.jpg,2023-04-19 14:10:11
Photo on 23-4-20.jpg,2023-04-20 16:16:32
Photo on 23-4-22.jpg,2023-04-22 15:45:47
Photo on 23-4-23.jpg,2023-04-23 12:01:57
Photo on 23-4-24.jpg,2023-04-24 14:35:14
Photo on 23-4-25.jpg,2023-04-25 13:40:30
Photo on 23-4-26.jpg,2023-04-26 13:38:26
Photo on 23-4-27.jpg,2023-04-27 13:07:12
Photo on 23-4-28.jpg,2023-04-28 15:29:15
Photo on 23-4-29.jpg,2023-04-29 15:26:31
Photo on 23-4-30.jpg,2023-04-30 13:54:41
Photo on 23-5-1.jpg,2023-05-01 14:46:08
Photo on 23-5-2.jpg,2023-05-02 15:28:28
Photo on 23-5-3.jpg,2023-05-03 14:33:45
Photo on 23-5-4.jpg,2023-05-04 14:26:00
Photo on 23-5-5.jpg,2023-05-05 17:55:47
Photo on 23-5-6.jpg,2023-05-06 12:37:32
Photo on 23-5-8.jpg,2023-05-08 16:09:16
Photo on 23-5-9.jpg,2023-05-09 18:36:08
Photo on 23-5-10.jpg,2023-05-10 21:03:23
Photo on 23-5-11.jpg,2023-05-11 20:22:11
Photo on 23-5-12.jpg,2023-05-12 18:09:24
Photo on 23-5-13.jpg,2023-05-13 17:54:30
Photo on 23-5-14.jpg,2023-05-14 16:05:30
Photo on 23-5-16.jpg,2023-05-16 17:08:17
Photo on 23-5-17.jpg,2023-05-17 10:30:18
Photo on 23-5-18.jpg,2023-05-18 16:00:07
Photo on 23-5-19.jpg,2023-05-19 13:48:13
Photo on 23-5-20.jpg,2023-05-20 13:13:01
Photo on 23-5-21.jpg,2023-05-21 14:27:08
Photo on 23-5-22.jpg,2023-05-22 18:17:11
Photo on 23-5-23.jpg,2023-05-23 13:09:37
Photo on 23-5-24.jpg,2023-05-24 16:08:19
Photo on 23-5-25.jpg,2023-05-25 17:17:20
Photo on 23-5-26.jpg,2023-05-26 10:03:42
Photo on 23-5-27.jpg,2023-05-27 13:55:11
Photo on 23-5-28.jpg,2023-05-28 14:57:35
Photo on 23-5-29.jpg,2023-05-29 19:34:29
Photo on 23-5-31.jpg,2023-05-31 13:28:30
Photo on 23-6-4.jpg,2023-06-04 15:04:04
Photo on 23-6-5.jpg,2023-06-05 17:24:42
Photo on 23-6-7.jpg,2023-06-07 18:54:49
Photo on 23-6-8.jpg,2023-06-08 14:53:34
Photo on 23-6-9.jpg,2023-06-09 11:35:39
Photo on 23-6-11.jpg,2023-06-11 18:26:31
Photo on 23-6-12.jpg,2023-06-12 16:50:32
Photo on 23-6-13.jpg,2023-06-13 16:05:38
Photo on 23-6-14.jpg,2023-06-14 17:26:18
Photo on 23-6-15.jpg,2023-06-15 18:08:12
Photo on 23-6-16.jpg,2023-06-16 15:00:16
Photo on 23-6-17.jpg,2023-06-16 19:58:51
Photo on 23-6-18.jpg,2023-06-18 14:46:11
Photo on 23-6-19.jpg,2023-06-19 15:33:06
Photo on 23-6-20.jpg,2023-06-20 17:08:45
Photo on 23-6-21.jpg,2023-06-21 10:56:30
Photo on 23-6-22.jpg,2023-06-22 14:51:28
Photo on 23-6-23.jpg,2023-06-23 14:24:37
Photo on 23-6-24.jpg,2023-06-24 18:42:43
Photo on 23-6-25a.jpg,2023-06-25 15:07:54
Photo on 23-6-25b.jpg,2023-06-25 17:37:38
Photo on 23-6-26.jpg,2023-06-26 11:50:11
Photo on 23-6-27.jpg,2023-06-27 19:15:50
Photo on 23-6-30.jpg,2023-06-30 14:04:14
Photo on 23-7-1.jpg,2023-07-01 13:00:11
Photo on 23-7-2.jpg,2023-07-02 15:01:43
Photo on 23-7-3.jpg,2023-07-03 22:53:30
Photo on 23-7-4.jpg,2023-07-04 15:22:37
Photo on 23-7-5.jpg,2023-07-05 17:40:39
Photo on 23-7-7.jpg,2023-07-07 10:51:46
Photo on 23-7-8a.jpg,2023-07-08 14:39:44
Photo on 23-7-8b.jpg,2023-07-08 19:16:36
Photo on 23-7-9a.jpg,2023-07-09 11:39:50
Photo on 23-7-9b.jpg,2023-07-10 11:31:23
Photo on 23-7-10.jpg,2023-07-10 20:01:35
Photo on 23-7-11.jpg,2023-07-11 15:57:03
Photo on 23-7-14.jpg,2023-07-14 19:17:04
Photo on 23-7-15.jpg,2023-07-15 14:36:20
Photo on 23-7-17.jpg,2023-07-17 12:13:39
Photo on 23-7-18.jpg,2023-07-18 18:00:19
Photo on 23-7-19.jpg,2023-07-19 18:44:12
Photo on 23-7-20.jpg,2023-07-20 14:51:52
Photo on 23-7-21.jpg,2023-07-21 16:31:52
Photo on 23-7-22.jpg,2023-07-22 14:17:45
Photo on 23-7-23.jpg,2023-07-23 14:40:41
Photo on 23-7-24.jpg,2023-07-24 13:42:30
Photo on 23-7-27.jpg,2023-07-27 16:38:32
Photo on 23-7-28.jpg,2023-07-28 22:32:15
Photo on 23-7-30.jpg,2023-07-30 15:14:07
Photo on 23-7-31.jpg,2023-07-31 18:00:22
Photo on 23-8-1.jpg,2023-08-01 18:28:11
Photo on 23-8-2.jpg,2023-08-02 13:04:20
Photo on 23-8-3.jpg,2023-08-03 14:02:42
Photo on 23-8-4.jpg,2023-08-04 16:17:09
Photo on 23-8-5.jpg,2023-08-05 11:30:52
Photo on 23-8-6.jpg,2023-08-06 15:37:06
Photo on 23-8-7.jpg,2023-08-07 11:55:00
Photo on 23-8-8.jpg,2023-08-08 16:21:19
Photo on 23-8-9.jpg,2023-08-09 12:24:30
Photo on 23-8-10.jpg,2023-08-10 17:01:12
Photo on 23-8-11.jpg,2023-08-11 12:04:56
Photo on 23-8-12a.jpg,2023-08-12 14:50:40
Photo on 23-8-12b.jpg,2023-08-12 16:45:05
Photo on 23-8-13.jpg,2023-08-13 14:17:53
Photo on 23-8-14.jpg,2023-08-14 13:26:58
Photo on 23-8-15.jpg,2023-08-15 18:01:31
Photo on 23-8-16.jpg,2023-08-16 11:46:28
Photo on 23-8-17.jpg,2023-08-17 14:10:13
Photo on 23-8-18.jpg,2023-08-18 14:16:53
Photo on 23-8-19.jpg,2023-08-19 12:36:24
Photo on 23-8-20.jpg,2023-08-20 17:40:51
Photo on 23-8-21.jpg,2023-08-21 16:32:01
Photo on 23-8-22.jpg,2023-08-22 14:42:52
Photo on 23-8-23a.jpg,2023-08-23 17:10:01
Photo on 23-8-23b.jpg,2023-08-23 18:06:50
Photo on 23-8-24.jpg,2023-08-24 15:40:18
Photo on 23-8-25.jpg,2023-08-25 18:17:09
Photo on 23-8-26.jpg,2023-08-26 15:11:30
Photo on 23-8-27.jpg,2023-08-27 21:53:43
Photo on 23-8-28.jpg,2023-08-28 18:00:15
Photo on 23-8-29.jpg,2023-08-29 16:17:33
Photo on 23-8-30.jpg,2023-08-30 15:15:06
Photo on 23-8-31a.jpg,2023-08-31 18:02:47
Photo on 23-8-31b.jpg,2023-08-31 18:03:28
Photo on 23-9-1.jpg,2023-09-01 15:06:45
Photo on 23-9-2.jpg,2023-09-02 14:35:07
Photo on 23-9-3.jpg,2023-09-03 13:57:10
Photo on 23-9-4.jpg,2023-09-04 16:05:37
Photo on 23-9-5.jpg,2023-09-05 13:31:26
Photo on 23-9-6.jpg,2023-09-06 18:00:29
Photo on 23-9-8.jpg,2023-09-08 18:00:51
Photo on 23-9-9.jpg,2023-09-09 19:55:01
Photo on 23-9-10.jpg,2023-09-10 19:58:53
Photo on 23-9-12.jpg,2023-09-12 18:00:18
Photo on 23-9-13.jpg,2023-09-13 21:33:11
Photo on 23-9-15.jpg,2023-09-15 22:08:03
Photo on 23-9-17.jpeg,2023-09-17 18:03:00
Photo on 23-9-18.jpg,2023-09-18 11:22:11
Photo on 23-9-20.jpg,2023-09-20 12:47:48
Photo on 23-9-21.jpg,2023-09-21 18:49:14
Photo on 23-9-23.jpg,2023-09-23 14:34:34
Photo on 23-9-24.jpg,2023-09-24 16:34:34
Photo on 23-9-25.jpg,2023-09-25 13:53:11
Photo on 23-9-27.jpg,2023-09-27 13:26:39
Photo on 23-9-28.jpg,2023-09-28 21:08:50
Photo on 23-10-2.jpg,2023-10-02 11:31:17
Photo on 23-10-3.jpg,2023-10-03 14:15:59
Photo on 23-10-4.jpg,2023-10-04 14:05:22
Photo on 23-10-5a.jpg,2023-10-05 13:13:57
Photo on 23-10-5b.jpg,2023-10-05 14:47:15
Photo on 23-10-6.jpg,2023-10-06 21:07:17
Photo on 23-10-9.jpg,2023-10-09 11:43:54
Photo on 23-10-10.jpg,2023-10-10 12:35:31
Photo on 23-10-11.jpg,2023-10-11 21:44:57
Photo on 23-10-15a.jpg,2023-10-15 12:26:45
Photo on 23-10-15b.jpg,2023-10-15 20:22:16
Photo on 23-10-17.jpg,2023-10-17 15:48:27
Photo on 23-10-18.jpg,2023-10-18 17:17:00
Photo on 23-10-19.jpg,2023-10-19 13:43:56
Photo on 23-10-23.jpg,2023-10-23 13:11:16
Photo on 23-10-24.jpg,2023-10-24 17:59:15
Photo on 23-10-25.jpg,2023-10-25 18:00:19
Photo on 23-10-26.jpg,2023-10-26 15:16:49
Photo on 23-10-27.jpg,2023-10-27 17:16:00
Photo on 23-10-28.jpg,2023-10-28 22:41:21
Photo on 23-10-29.jpg,2023-10-29 14:46:34
Photo on 23-10-30a.jpg,2023-10-30 13:44:57
Photo on 23-10-30b.jpg,2023-10-30 20:34:11
Photo on 23-10-31.jpg,2023-10-31 16:10:58
Photo on 23-11-1.jpeg,2023-11-01 16:29:00
Photo on 23-11-2.jpg,2023-11-02 16:54:33
Photo on 23-11-3.jpg,2023-11-03 17:06:05
Photo on 23-11-4.jpg,2023-11-04 17:00:17
Photo on 23-11-5.jpg,2023-11-05 16:01:52
Photo on 23-11-6.jpg,2023-11-06 13:05:19
Photo on 23-11-7.jpg,2023-11-07 13:51:20
Photo on 23-11-8.jpg,2023-11-08 13:02:28
Photo on 23-11-9.jpg,2023-11-09 23:03:54
Photo on 23-11-10.jpg,2023-11-10 13:14:23
Photo on 23-11-12.jpg,2023-11-12 21:06:58
Photo on 23-11-13.jpg,2023-11-13 22:38:03
Photo on 23-11-14.jpg,2023-11-14 13:34:00
Photo on 23-11-15a.jpg,2023-11-15 13:37:57
Photo on 21-11-15b.jpg,2023-11-15 19:59:00
Photo on 23-11-16.jpg,2023-11-16 22:45:07
Photo on 23-11-17.jpg,2023-11-17 16:13:14
Photo on 23-11-20.jpg,2023-11-20 18:38:25
Photo on 23-11-21.jpg,2023-11-21 13:23:53
Photo on 23-11-22.jpg,2023-11-22 13:19:36
Photo on 23-11-23.jpg,2023-11-23 17:02:32
Photo on 23-11-24.jpg,2023-11-24 13:45:08
Photo on 23-11-25.jpg,2023-11-25 18:13:07
Photo on 23-11-27.jpg,2023-11-27 13:19:48
Photo on 23-11-28.jpg,2023-11-28 13:33:59
Photo on 23-11-29a.jpg,2023-11-29 13:51:03
Photo on 23-11-29b.jpg,2023-11-29 13:51:24
Photo on 23-11-30.jpg,2023-11-30 13:52:12
Photo on 23-12-1.jpg,2023-12-01 13:49:42
Photo on 23-12-3.jpg,2023-12-03 14:49:41
Photo on 23-12-4.jpg,2023-12-04 16:53:36
Photo on 23-12-5.jpg,2023-12-05 13:41:27
Photo on 23-12-6.jpg,2023-12-06 13:42:35
Photo on 23-12-8.jpg,2023-12-08 14:12:29
Photo on 23-12-9.jpg,2023-12-09 15:21:33
Photo on 23-12-10.jpg,2023-12-10 14:39:52
Photo on 23-12-11.jpg,2023-12-11 14:11:48
Photo on 23-12-12.jpg,2023-12-12 17:02:52
Photo on 23-12-13.jpg,2023-12-13 13:33:30
Photo on 23-12-14.jpg,2023-12-14 17:43:58
Photo on 23-12-15.jpg,2023-12-15 13:30:08
Photo on 23-12-16.jpg,2023-12-16 15:55:02
Photo on 23-12-17.jpg,2023-12-17 13:36:42
Photo on 23-12-18a.jpg,2023-12-18 13:53:58
Photo on 23-12-18b.jpg,2023-12-18 15:44:51
Photo on 23-12-19.jpg,2023-12-19 13:34:00
Photo on 23-12-21.jpg,2023-12-22 15:49:59
Photo on 23-12-22.jpg,2023-12-22 15:50:00
Photo on 23-12-25.jpg,2023-12-25 18:07:56
Photo on 23-12-26.jpg,2023-12-26 16:21:38
Photo on 23-12-28.jpg,2023-12-28 16:41:32
Photo on 23-12-30.jpg,2023-12-30 14:37:25
Photo on 24-1-2.jpg,2024-01-02 11:16:23
Photo on 24-1-3.jpg,2024-01-03 14:49:32
Photo on 24-1-4.jpg,2024-01-04 13:05:02
Photo on 24-1-6.jpg,2024-01-06 12:33:09
Photo on 24-1-7.jpg,2024-01-07 12:43:02
Photo on 24-1-10.jpg,2024-01-10 17:12:41
Photo on 24-1-11.jpg,2024-01-11 12:51:19
Photo on 24-1-12.jpg,2024-01-12 15:52:57
Photo on 24-1-13.jpg,2024-01-13 17:27:44
Photo on 24-1-14a.jpg,2024-01-14 16:52:13
Photo on 24-1-14b.jpg,2024-01-14 21:32:31
Photo on 24-1-15.jpg,2024-01-15 16:30:50
Photo on 24-1-16.jpg,2024-01-16 15:51:04
Photo on 24-1-17.jpg,2024-01-17 11:59:56
Photo on 24-1-18.jpg,2024-01-18 14:54:25
Photo on 24-1-19.jpg,2024-01-19 12:38:40
Photo on 24-1-20.jpg,2024-01-20 16:39:31
Photo on 24-1-21.jpg,2024-01-21 14:13:43
Photo on 24-1-22.jpg,2024-01-22 17:00:25
Photo on 24-1-23.jpg,2024-01-23 10:59:17
Photo on 24-1-27.jpg,2024-01-27 14:13:49
Photo on 24-1-28.jpg,2024-01-28 17:00:29
Photo on 24-1-29.jpg,2024-01-29 16:08:05
Photo on 24-1-30.jpg,2024-01-30 17:00:42
Photo on 24-2-1.jpg,2024-02-01 14:10:19
Photo on 24-2-2.jpg,2024-02-02 14:05:46
Photo on 24-2-3.jpg,2024-02-03 15:41:27
Photo on 24-2-4.jpg,2024-02-04 10:26:14
Photo on 24-2-5.jpg,2024-02-05 15:25:36
Photo on 24-2-6.jpg,2024-02-06 13:52:54
Photo on 24-2-7.jpg,2024-02-07 16:27:41
Photo on 24-2-9.jpg,2024-02-09 14:56:02
Photo on 24-2-10.jpg,2024-02-10 14:10:55
Photo on 24-2-11.jpg,2024-02-11 22:43:33
Photo on 24-2-12.jpg,2024-02-12 15:05:56
Photo on 24-2-13.jpg,2024-02-13 15:43:40
Photo on 24-2-14.jpg,2024-02-14 13:59:50
Photo on 24-2-16.jpg,2024-02-16 13:20:35
Photo on 24-2-18.jpg,2024-02-18 14:56:19
Photo on 24-2-20.jpg,2024-02-20 17:00:21
Photo on 24-2-21.jpg,2024-02-21 17:48:58
Photo on 24-2-22.jpg,2024-02-22 17:11:11
Photo on 24-2-23.jpg,2024-02-23 22:11:29
Photo on 24-2-24.jpg,2024-02-24 21:26:19
Photo on 24-2-25.jpg,2024-02-25 15:28:23
Photo on 24-2-26.jpg,2024-02-26 14:45:10
Photo on 24-2-28.jpg,2024-02-28 18:41:56
Photo on 24-3-1.jpg,2024-03-01 15:53:08
Photo on 24-3-2.jpg,2024-03-02 21:19:56
Photo on 24-3-5.jpg,2024-03-05 17:00:37
Photo on 24-3-6.jpg,2024-03-07 01:22:39
Photo on 24-3-7a.jpg,2024-03-07 15:02:37
Photo on 24-3-7b.jpg,2024-03-07 21:22:28
Photo on 24-3-10.jpg,2024-03-10 16:54:20
Photo on 24-3-12.jpg,2024-03-12 15:24:44
Photo on 24-3-14.jpg,2024-03-14 01:07:23
Photo on 24-3-17.jpg,2024-03-17 21:11:14
Photo on 24-3-18.jpg,2024-03-18 17:49:40
Photo on 24-3-19.jpg,2024-03-19 17:01:27
Photo on 24-3-20.jpg,2024-03-20 15:42:14
Photo on 24-3-21.jpg,2024-03-21 15:17:20
Photo on 24-3-22.jpg,2024-03-22 16:27:09
Photo on 24-3-23.jpg,2024-03-23 16:49:12
Photo on 24-3-24.jpg,2024-03-24 17:59:12
Photo on 24-3-25.jpg,2024-03-25 18:46:32
Photo on 24-3-26.jpg,2024-03-26 16:47:41
Photo on 24-3-27.jpg,2024-03-27 17:02:57
Photo on 24-3-28.jpg,2024-03-28 17:17:41
Photo on 24-3-30.jpg,2024-03-30 16:31:45
Photo on 24-4-2.jpg,2024-04-02 21:46:26
Photo on 24-4-3.jpg,2024-04-03 16:07:09
Photo on 24-4-5.jpg,2024-04-05 18:28:03
Photo on 24-4-6.jpg,2024-04-06 16:44:18
Photo on 24-4-9.jpg,2024-04-09 13:42:03
Photo on 24-4-10.jpg,2024-04-10 13:42:11
Photo on 24-4-13.jpg,2024-04-13 18:02:24
Photo on 24-4-15.jpg,2024-04-15 18:31:53
Photo on 24-4-16.jpg,2024-04-16 14:40:20
Photo on 24-4-17.jpg,2024-04-17 15:34:34
Photo on 24-4-20.jpg,2024-04-20 17:28:52
Photo on 24-4-22.jpg,2024-04-22 15:24:51
Photo on 24-4-23.jpg,2024-04-23 16:18:59
Photo on 24-4-24.jpg,2024-04-24 20:08:13
Photo on 24-4-25.jpg,2024-04-25 18:10:28
Photo on 24-4-27.jpg,2024-04-27 16:28:09
Photo on 24-4-29.jpg,2024-04-29 14:02:46
Photo on 24-5-2.jpg,2024-05-02 18:16:05
Photo on 24-5-4.jpg,2024-05-04 16:51:01
Photo on 24-5-6.jpg,2024-05-06 10:21:33
Photo on 24-5-8.jpg,2024-05-08 13:36:00
Photo on 24-5-9.jpg,2024-05-09 18:33:16
Photo on 24-5-10.jpg,2024-05-10 23:22:05
Photo on 24-5-11.jpg,2024-05-11 17:49:47
Photo on 24-5-13.jpg,2024-05-13 15:09:50
Photo on 24-5-15.jpg,2024-05-15 13:14:40
Photo on 24-5-18.jpg,2024-05-18 14:42:25
Photo on 24-5-19.jpg,2024-05-19 23:34:06
Photo on 24-5-20.jpg,2024-05-20 22:10:39
Photo on 24-5-24.jpg,2024-05-24 16:46:46
Photo on 24-5-25.jpg,2024-05-25 16:53:51
Photo on 24-5-27.jpg,2024-05-27 17:42:09
Photo on 24-5-30.jpg,2024-05-30 15:54:08
Photo on 24-5-31.jpg,2024-05-31 15:04:44
Photo on 24-6-1.jpg,2024-06-01 16:41:51
Photo on 24-6-2.jpg,2024-06-02 22:12:27
Photo on 24-6-3.jpg,2024-06-03 12:53:39
Photo on 24-6-4.jpg,2024-06-04 11:51:23
Photo on 24-6-5.jpg,2024-06-05 18:35:52
Photo on 24-6-6.jpg,2024-06-06 15:17:39
Photo on 24-6-7.jpg,2024-06-07 17:46:40
Photo on 24-6-8.jpg,2024-06-08 15:01:59
Photo on 24-6-12.jpg,2024-06-12 18:04:23
Photo on 24-6-13.jpg,2024-06-13 18:01:05
Photo on 24-6-14.jpg,2024-06-14 18:16:27
Photo on 24-6-15.jpg,2024-06-15 21:15:02
Photo on 24-6-16.jpg,2024-06-16 15:49:38
Photo on 24-6-17.jpg,2024-06-17 15:10:30
Photo on 24-6-18.jpg,2024-06-18 21:55:29
Photo on 24-6-20.jpg,2024-06-20 13:52:33
Photo on 24-6-21.jpg,2024-06-21 14:49:45
Photo on 24-6-22.jpg,2024-06-22 16:57:15
Photo on 24-6-23.jpg,2024-06-23 13:22:45
Photo on 24-6-24.jpg,2024-06-24 14:24:32
Photo on 24-6-25.jpg,2024-06-25 14:20:45
Photo on 24-6-26.jpg,2024-06-26 15:47:48
Photo on 24-6-28.jpg,2024-06-28 15:22:50
Photo on 24-6-30.jpg,2024-06-30 18:36:11
Photo on 24-7-2.jpg,2024-07-02 17:48:03
Photo on 24-7-3.jpg,2024-07-03 18:03:00
Photo on 24-7-6.jpg,2024-07-06 12:13:03
Photo on 24-7-7.jpg,2024-07-07 14:20:31
Photo on 24-7-8.jpg,2024-07-08 18:01:59
Photo on 24-7-11.jpg,2024-07-11 13:43:54
Photo on 24-7-12a.jpg,2024-07-12 15:13:32
Photo on 24-7-12b.jpg,2024-07-12 18:03:05
Photo on 24-7-13.jpg,2024-07-13 17:33:27
Photo on 24-7-14.jpg,2024-07-14 18:27:17
Photo on 24-7-15.jpg,2024-07-15 15:31:38
Photo on 24-7-16.jpg,2024-07-16 11:49:06
Photo on 24-7-17.jpg,2024-07-17 17:14:19
Photo on 24-7-18.jpg,2024-07-18 16:05:37
Photo on 24-7-23.jpg,2024-07-23 16:22:16
